{
    "X_mean": [
        2874.5603392563294,
        230.88206261944595,
        76.16982168267495,
        0.13476633429339405,
        6.148271967698702,
        10431.456712745592,
        3038.7885780086376,
        5276.734389921403,
        2030.460846979932
    ],
    "X_scale": [
        1709.7918697308526,
        66.51529490367969,
        36.07204458243518,
        0.3357316273252589,
        1.869688336450616,
        1221.8365403615715,
        3066.2441708165484,
        5013.602131143568,
        31.045819251502735
    ]
}